<?xml version="1.0" encoding="UTF-8"?>
<metadata xml:lang="en"><Esri><CreaDate>20120215</CreaDate><CreaTime>19003000</CreaTime><ArcGISFormat>1.0</ArcGISFormat><SyncOnce>TRUE</SyncOnce><DataProperties><lineage><Process ToolSource="C:\Program Files (x86)\ArcGIS\Desktop10.0\ArcToolbox\Toolboxes\Cartography Tools.tbx\GridIndexFeatures" Date="20120213" Time="142336">GridIndexFeatures J:\W12\capstone\data\admin.gdb\grid3 studyarea_project INTERSECTFEATURE NO_USEPAGEUNIT # "50 Meters" "50 Meters" "291096.6824 11610060.8323" 364 156 1 NO_LABELFROMORIGIN</Process><Process ToolSource="C:\sw\ArcGIS\Desktop10.0\ArcToolbox\Toolboxes\Data Management Tools.tbx\CalculateField" Date="20120215" Time="101232">CalculateField grid50 DistrictID [OID] VB #</Process><Process ToolSource="C:\sw\ArcGIS\Desktop10.0\ArcToolbox\Toolboxes\Data Management Tools.tbx\CalculateField" Date="20120215" Time="101322">CalculateField grid50 DistrictID [OID] VB #</Process><Process ToolSource="C:\sw\ArcGIS\Desktop10.0\ArcToolbox\Toolboxes\Data Management Tools.tbx\CalculateField" Date="20120215" Time="101911">CalculateField districtgrid DistrictID "[FID] +1" VB #</Process><Process ToolSource="C:\Program Files (x86)\ArcGIS\Desktop10.0\ArcToolbox\Toolboxes\Data Management Tools.tbx\Project" Date="20120215" Time="185912">Project districtgrid C:\Users\nwowk\Documents\ArcGIS\Default.gdb\districtgrid_ GEOGCS['GCS_WGS_1984',DATUM['D_WGS_1984',SPHEROID['WGS_1984',6378137.0,298.257223563]],PRIMEM['Greenwich',0.0],UNIT['Degree',0.0174532925199433]] # PROJCS['WGS_1984_UTM_Zone_51S',GEOGCS['GCS_WGS_1984',DATUM['D_WGS_1984',SPHEROID['WGS_1984',6378137.0,298.257223563]],PRIMEM['Greenwich',0.0],UNIT['Degree',0.0174532925199433]],PROJECTION['Transverse_Mercator'],PARAMETER['False_Easting',500000.0],PARAMETER['False_Northing',10000000.0],PARAMETER['Central_Meridian',123.0],PARAMETER['Scale_Factor',0.9996],PARAMETER['Latitude_Of_Origin',0.0],UNIT['Meter',1.0]]</Process></lineage><itemProps><itemLocation><linkage Sync="TRUE">file://\\CCS-VDIP53\C$\Users\nwowk\Documents\ArcGIS\Default.gdb</linkage><protocol Sync="TRUE">Local Area Network</protocol></itemLocation></itemProps></DataProperties></Esri></metadata>
